909bf830-8cc8-11ea-8b56-9febda0c4f4b,1588460364085,Error: You`ve exceeded your rate limit allowance. Please try again later.
909d7ed0-8cc8-11ea-8b56-9febda0c4f4b,1588460364088,Error: You`ve exceeded your rate limit allowance. Please try again later.
909f7aa0-8cc8-11ea-8b56-9febda0c4f4b,1588460364104,Error: You`ve exceeded your rate limit allowance. Please try again later.
90ab3a70-8cc8-11ea-8b56-9febda0c4f4b,1588460364111,Error: You`ve exceeded your rate limit allowance. Please try again later.
90ad5d50-8cc8-11ea-8b56-9febda0c4f4b,1588460364216,Error: You`ve exceeded your rate limit allowance. Please try again later.
90ae6ec0-8cc8-11ea-8b56-9febda0c4f4b,1588460364229,Error: You`ve exceeded your rate limit allowance. Please try again later.
90b091a0-8cc8-11ea-8b56-9febda0c4f4b,1588460364589,Error: You`ve exceeded your rate limit allowance. Please try again later.
90c04910-8cc8-11ea-8b56-9febda0c4f4b,1588460364612,Error: You`ve exceeded your rate limit allowance. Please try again later.
90c66390-8cc8-11ea-8b56-9febda0c4f4b,1588460365114,Error: You`ve exceeded your rate limit allowance. Please try again later.
914caa90-8cc8-11ea-8b56-9febda0c4f4b,1588460365121,Error: You`ve exceeded your rate limit allowance. Please try again later.
914dbc00-8cc8-11ea-8b56-9febda0c4f4b,1588460365134,Error: You`ve exceeded your rate limit allowance. Please try again later.
9150a230-8cc8-11ea-8b56-9febda0c4f4b,1588460365143,Error: You`ve exceeded your rate limit allowance. Please try again later.
9151dab0-8cc8-11ea-8b56-9febda0c4f4b,1588460365171,Error: You`ve exceeded your rate limit allowance. Please try again later.
90c4b5e0-8cc8-11ea-8b56-9febda0c4f4b,1588460365223,Error: You`ve exceeded your rate limit allowance. Please try again later.
91566e90-8cc8-11ea-8b56-9febda0c4f4b,1588460365574,Error: You`ve exceeded your rate limit allowance. Please try again later.
916366e0-8cc8-11ea-8b56-9febda0c4f4b,1588460365597,Error: You`ve exceeded your rate limit allowance. Please try again later.
9185e300-8cc8-11ea-8b56-9febda0c4f4b,1588460365629,Error: You`ve exceeded your rate limit allowance. Please try again later.
